<?xml version="1.0" encoding="UTF-8"?>
  <beans xmlns="http://www.springframework.org/schema/beans"
  xmlns:xsi="http://www.w3.org/2001/XMLSchema-instance" 
  xmlns:p="http://www.springframework.org/schema/p"
   xmlns:aop="http://www.springframework.org/schema/aop"
    xmlns:tx="http://www.springframework.org/schema/tx"
    xmlns:context="http://www.springframework.org/schema/context"
    xsi:schemaLocation="http://www.springframework.org/schema/beans
     http://www.springframework.org/schema/beans/spring-beans-2.5.xsd 
     http://www.springframework.org/schema/aop 
     http://www.springframework.org/schema/aop/spring-aop-2.5.xsd
     http://www.springframework.org/schema/tx 
     http://www.springframework.org/schema/tx/spring-tx-2.5.xsd
     http://www.springframework.org/schema/context
     http://www.springframework.org/schema/context/spring-context-2.5.xsd">

<context:annotation-config/> 
 <context:component-scan base-package="com.InventoryManagement.controllers"/>   
 
<bean class="org.springframework.web.servlet.view.InternalResourceViewResolver" 
 id="viewResolver"> 
 <property name="prefix" value="/pages/"/> 
 <property name="suffix" value=".jsp"/> 
 </bean>
 
 <!-- database configuration -->
<bean class="org.apache.commons.dbcp.BasicDataSource" id="dataSource">
 <property value="oracle.jdbc.OracleDriver" name="driverClassName"/>
  <property value="jdbc:oracle:thin:@hstslc015:1521:elp" name="url"/>
   <property value="elp1676" name="username"/> 
   <property value="msat123$" name="password"/>
    </bean>
     <bean id="sessionFactory" 
          class="org.springframework.orm.hibernate3.LocalSessionFactoryBean">
   		<property name="dataSource"><ref bean="dataSource" /></property>	
		<property name="mappingResources">
			<list>
			   <value>com/InventoryManagement/mappings/login.hbm.xml</value> 
			   <value>com/InventoryManagement/mappings/insertingItemDetails.hbm.xml</value>
			    <value>com/InventoryManagement/mappings/insertingVendorDetails.hbm.xml</value>
			    <value>com/InventoryManagement/mappings/insertingWareHouseDetails.hbm.xml</value>
			   <value>com/InventoryManagement/mappings/retreivingVendorDetails.hbm.xml</value>
			    <value>com/InventoryManagement/mappings/retreivingWareHouseDetails.hbm.xml</value>
			</list>
		</property>
		<property name="hibernateProperties">
	 		<props>
		  		<prop key="hibernate.dialect">org.hibernate.dialect.OracleDialect</prop>
            	<prop key="hibernate.show_sql">true</prop>
            	<prop key="hibernate.hbm2ddl.auto">update</prop>
	 		</props>
		</property>
	</bean>
	
	
	<bean class="org.springframework.orm.hibernate3.HibernateTemplate" id="ht"> 
	<property name="sessionFactory" ref="sessionFactory"/> 
	</bean>
	
	<bean class="com.InventoryManagement.dao.LoginDao" id="loginDao">
	<property name="ht" ref="ht"></property>
	</bean>
	
	<bean class="com.InventoryManagement.service.LoginService" id="loginService">
	<property name="loginDao" ref="loginDao"></property>
	</bean>
	
	<bean class="com.InventoryManagement.dao.InsertingItemDetailsDaoImplementation" id="itemDao">
	<property name="ht" ref="ht"></property>
	</bean>
	
	<bean class="com.InventoryManagement.service.InsertingItemDetailsServiceImplementation" id="itemService">
	<property name="itemDao" ref="itemDao"></property>
	</bean>
	
	<bean class="com.InventoryManagement.dao.InsertingVendorDetailsDaoImplementation" id="vendorDao">
	<property name="ht" ref="ht"></property>
	</bean>
	
	<bean class="com.InventoryManagement.service.InsertingVendorDetailsServiceImplementation" id="vendorService">
	<property name="vendorDao" ref="vendorDao"></property>
	</bean>
	
	<bean class="com.InventoryManagement.dao.InsertingWareHouseDetailsDaoImplementation" id="wareHouseDao">
	<property name="ht" ref="ht"></property>
	</bean>
	
	<bean class="com.InventoryManagement.service.InsertingWareHouseDetailsServiceImplementation" id="wareHouseService">
	<property name="wareHouseDao" ref="wareHouseDao"></property>
	</bean>
	
	<bean class="com.InventoryManagement.dao.RetreiveVendorDetailsDaoImplementation" id="dao">
        <property name="ht" ref="ht"/>
    </bean> 
	<bean class="com.InventoryManagement.service.RetreivingVendorDetailsServiceImplementation" id="service">
        <property name="dao" ref="dao"/>
    </bean>
    
    <bean class="com.InventoryManagement.dao.RetreiveWareHouseDetailsDaoImplementation" id="wdao">
        <property name="ht" ref="ht"/>
    </bean> 
	<bean class="com.InventoryManagement.service.RetreivingWareHouseDetailsServiceImplementation" id="wservice">
        <property name="wdao" ref="wdao"/>
    </bean>
    
     <bean class="com.InventoryManagement.dao.DeleteItemDaoImplementation" id="deleteDao">
        <property name="ht" ref="ht"/>
    </bean> 
	<bean class="com.InventoryManagement.service.DeleteItemServiceImplementation" id="deleteItemService">
        <property name="deleteDao" ref="deleteDao"/>
    </bean>
    
    
     <bean class="com.InventoryManagement.dao.DeleteVendorDaoImplementation" id="deleteVDao">
        <property name="ht" ref="ht"/>
    </bean> 
	<bean class="com.InventoryManagement.service.DeleteVendorServiceImplementation" id="deleteVendorService">
        <property name="deleteVDao" ref="deleteVDao"/>
    </bean>
    
    <bean class="com.InventoryManagement.dao.DeleteWareHouseDaoImplementation" id="deleteWDao">
        <property name="ht" ref="ht"/>
    </bean> 
	<bean class="com.InventoryManagement.service.DeleteWareHouseServiceImplementation" id="deleteWareHouseService">
        <property name="deleteWDao" ref="deleteWDao"/>
    </bean>
    
    
</beans>