<?xml version="1.0" encoding="UTF-8"?>
<!DOCTYPE hibernate-mapping PUBLIC "-//Hibernate/Hibernate Mapping DTD 3.0//EN"
"http://hibernate.sourceforge.net/hibernate-mapping-3.0.dtd">
<hibernate-mapping>
    <class name="com.InventoryManagement.beans.InsertingVendorDetailsBean" table="VendorDetails">
        <id name="vendorId">
        </id>
        <property name="vendorName" />
        <property name="phoneNumber"/>
        <property name="address"/>
        <property name="itemsDistributing"/>
        
    </class>
</hibernate-mapping>